X,Y,item,pagerank,chosen
13.390346,6.8548746,音乐分享官,0.03258716980240053,1.0
1.8684663,-2.2105877,音乐,0.04850216366371257,1.0
5.895568,-13.042394,二次元,0.0007546731500571214,1.0
-6.5264516,23.57485,乐评盘点,0.04122998611903993,1.0
5.3368707,21.844234,嘻哈,0.005283986221684533,1.0
-15.026751,8.748102,动漫音乐,0.0007546731500571214,1.0
-10.432462,-9.903723,One last kiss,0.0007546731500571214,1.0
19.857634,-12.814896,极乐净土,0.0012089820897708196,1.0
-6.886166,5.641595,ACG音乐,0.0007546731500571214,1.0
-8.254437,16.386806,音乐研究所,0.0007546731500571214,1.0
-0.19575845,-20.787062,动画,0.0007546731500571214,1.0
-19.367876,16.7937,配音,0.0007546731500571214,1.0
-2.2592008,-13.559867,日本,0.0007546731500571214,1.0
-8.596887,-16.165981,AMV,0.002539482390285891,1.0
3.866474,-21.09311,动画短片群星计划,0.03023021433210841,1.0
12.616896,-2.1793034,萌娃,0.03739597931252764,1.0
-11.630613,27.719398,2023新年音乐大作战,0.03791449887389497,1.0
-13.40095,19.364176,知识分享官,0.03394709740198727,1.0
-14.712135,-13.229572,演奏挑战赛,0.027422862157187762,1.0
-15.477826,14.091722,日语,0.03052378498415162,1.0
15.240186,-4.5133243,必剪创作,0.0015825741818187484,1.0
-9.449919,-5.16834,翻唱挑战赛,0.003290996243907925,1.0
-14.414297,-9.245548,钢琴,0.0007425063482022483,1.0
2.3201628,3.22329,政在联动中,0.0007425063482022483,1.0
8.477057,-19.436207,动画加工厂,0.00771677867166963,1.0
16.679722,-16.729988,浪姐教你跳极乐净土,0.0007425063482022483,1.0
-5.446779,10.988401,音乐综合,0.0016758117350941279,1.0
-8.460537,-3.233377,翻唱,0.002525771643475221,1.0
-13.041256,3.3441117,你的名字,0.0007425063482022483,1.0
-9.310896,-12.819837,新世纪福音战士,0.002474999440965006,1.0
2.9325387,11.256049,音乐安利大赏,0.0007425063482022483,1.0
-3.926319,0.55601203,新世代音乐人计划女生季,0.0007732023092878926,1.0
3.056539,-14.059735,看一遍就爱上的日语现场,0.007309144682572382,1.0
15.540817,-10.077365,BML,0.0029720766095978394,1.0
8.35797,-15.016705,二次元中二小剧场,0.0007732023092878926,1.0
3.2827244,-9.459536,音乐现场,0.002649750041888095,1.0
17.835577,-14.023845,一起看姐姐72面,0.0007732023092878926,1.0
19.300797,-8.38809,再跳一遍《极乐净土》回忆杀,0.0012147211472198793,1.0
-3.8462236,4.018441,水树奈奈,0.0012041031590598098,1.0
-14.165065,13.836468,中岛美嘉,0.0007732023092878926,1.0
3.2289581,-9.417801,LIVE,0.0007732023092878926,1.0
3.316741,-4.4952908,干杯音乐节,0.0007732023092878926,1.0
-2.1062717,-3.7461665,张国荣逝世20周年纪念,0.0007732023092878926,1.0
5.387025,-8.837687,美依礼芽,0.00163801016725601,1.0
14.071957,-12.543114,娱乐,0.0007425063482022483,1.0
17.529354,-9.303484,极乐净土三人组金曲心动挑战,0.0007425063482022483,1.0
-15.595398,16.415339,知识,0.0007425063482022483,0.0
4.2146864,5.302977,歌曲,0.0007425063482022483,0.0
-6.309351,10.405755,音乐选集,0.0007425063482022483,0.0
12.368889,-4.570382,生活,0.0020636645823591555,1.0
-6.9456415,13.727718,流行音乐,0.0007425063482022483,1.0
-13.96283,-8.917361,演奏,0.0020080035992075967,1.0
-4.610151,10.90194,音乐分享官5.0,0.002036883121532447,1.0
3.543636,-9.696466,演唱会,0.0007425063482022483,0.0
16.078867,-14.584052,MARiA,0.0011516733320468312,0.0
-6.2242355,10.464579,听歌,0.0007425063482022483,0.0
3.1229842,-9.591676,日语现场,0.0025699329482640944,0.0
3.1106162,1.3984721,社会,0.0011857464647000344,0.0
-7.1134334,8.602521,纯音乐,0.0007425063482022483,0.0
2.8438225,-9.673984,动漫歌曲,0.0007425063482022483,0.0
1.8559875,15.487298,MV,0.0011857464647000344,0.0
-5.43338,9.634078,BGM,0.0011857464647000344,0.0
-4.5288143,8.281539,治愈,0.0007425063482022483,0.0
1.7645636,13.564225,欧美音乐,0.0007425063482022483,0.0
-7.6720796,-13.856864,MAD.AMV,0.0007425063482022483,0.0
-6.8776774,10.277161,精选歌单,0.0007425063482022483,0.0
-5.002333,8.382144,高音质,0.0007425063482022483,0.0
-7.6728973,-13.795182,MAD·AMV,0.0007425063482022483,0.0
-10.920068,5.027892,EVA,0.0007425063482022483,0.0
-6.81058,3.579729,综合,0.0007425063482022483,0.0
-10.171184,26.095741,音乐榜单资讯,0.007000669430463728,0.0
-11.139386,24.69401,音乐推荐,0.0025969967776415747,0.0
2.0563145,-20.058113,短片·手书·配音,0.0007425063482022483,0.0
16.84124,-14.444642,GARNiDELiA,0.0007425063482022483,0.0
-5.0203547,8.286431,音乐分享官7.0,0.001228843183411427,0.0
16.147423,-12.471408,星动安利大作战·初夏篇,0.0007425063482022483,0.0
14.858124,-12.865677,综艺,0.0007425063482022483,0.0
2.7395613,-0.88305247,KPOP人集合企划,0.0007425063482022483,0.0
16.826569,-14.394932,乘风2023,0.0007425063482022483,0.0
-10.741255,16.082037,学习,0.0007425063482022483,0.0
-6.097614,-13.206907,搞笑,0.000726018625446569,0.0
-5.3222294,9.919084,歌单,0.000726018625446569,0.0
19.927435,-9.715392,宅舞,0.0011514480428354173,0.0
19.922806,-9.713051,舞蹈,0.000726018625446569,0.0
8.349093,-13.380954,动漫,0.000726018625446569,0.0
4.8142977,17.654444,经典,0.000726018625446569,0.0
-7.6781545,-8.325059,主题曲,0.004783461209934806,0.0
0.2516391,-5.0922055,现场,0.005075490859850826,0.0
-0.48371643,-7.030941,4K,0.0015969746098955853,0.0
-8.372346,9.003501,盘点排行,0.002086217828304164,0.0
-7.3418627,-13.397259,MAD,0.0011744515757061366,0.0
1.5694942,22.66161,bilibili新星计划,0.0007201426359924384,0.0
8.514916,-18.478006,动画嘉年华2022·至燃之夏,0.0007201426359924384,0.0
4.7467465,18.018173,音乐制作,0.0007201426359924384,0.0
-2.6650734,21.120314,中文说唱,0.0007425063482022483,0.0
-14.44247,18.328758,大学,0.0007425063482022483,0.0
-10.926842,-15.206512,某科学的超电磁炮,0.0007425063482022483,0.0
-1.920612,-11.60384,中国,0.0007425063482022483,0.0
10.566608,-18.504694,MMD·3D,0.0007425063482022483,0.0
-2.7752807,21.132404,说唱,0.0011968152879159467,0.0
-10.85813,24.048132,音乐分享官6.0,0.0012114298724117494,0.0
-8.834306,-5.7082243,COVER,0.0007425063482022483,0.0
5.085658,5.006473,校园,0.0012114298724117494,0.0
1.8379222,15.402727,编曲,0.0015877028885147259,0.0
-2.7449806,21.12484,乐评,0.0015877028885147259,0.0
3.4472687,-19.470304,动画短片群星计划 第七期,0.0015882841045474615,0.0
-2.637037,21.120169,音乐玩家招募令,0.000711576431345729,0.0
11.056048,-2.3835764,治愈系,0.000711576431345729,0.0
14.173989,2.5192926,别人的世界,0.0024112511647098127,0.0
-10.276131,25.904099,2023年,0.000711576431345729,0.0
-12.664056,19.689804,人文,0.000711576431345729,0.0
-2.7291524,21.103361,RAP,0.004403658934853672,0.0
14.178029,2.5161693,红石音乐,0.0016140208318031403,0.0
-8.616928,-3.9346094,男声,0.0015882841045474615,0.0
2.2215462,2.0025592,毕业,0.0015692028345259486,0.0
-8.626155,-4.014451,唱歌,0.0006844438800961755,0.0
19.98183,-10.757535,尬舞,0.0011276839965939619,0.0
14.164859,2.5182927,单机游戏,0.0030617965544718737,0.0
0.3529375,-21.257654,动画短片,0.0011454845861459115,0.0
2.1226237,12.5092535,英文歌曲,0.0011454845861459115,0.0
-13.227955,17.739464,女生,0.0015751221681671362,0.0
-2.6262274,0.15799902,原创歌曲,0.004130691065081339,0.0
7.9000664,-14.390856,二刺螈,0.003672368377885156,0.0
-2.696954,21.105228,欧美,0.002400748713478534,0.0
5.0233374,5.0282254,学生,0.000711576431345729,0.0
-12.795929,-9.524853,钢琴演奏,0.000711576431345729,0.0
-8.025824,8.694724,盘点,0.000711576431345729,0.0
2.0898838,1.8227395,资讯,0.004979845989831695,0.0
-0.019934658,-20.001936,3D,0.000711576431345729,0.0
16.98842,-13.358849,小美,0.0023678554436712,0.0
-10.485377,6.6572294,人气排行,0.000711576431345729,0.0
7.967001,-14.355509,分享,0.000711576431345729,0.0
-10.0483675,6.3564105,进击的巨人,0.0036419038157375475,0.0
-2.6457005,0.17387998,原创音乐,0.001516732792399142,0.0
11.865445,-4.341606,可爱,0.001091303375010294,0.0
2.1520069,1.8681751,青春,0.001091303375010294,0.0
-8.52076,2.9881852,好听,0.0011530952692777158,0.0
19.924633,-10.779209,同学,0.009939470395229466,0.0
3.772423,-13.606367,开口跪,0.0012496165535478838,0.0
-8.717018,-11.718699,最强安利王·新片风向标,0.000711576431345729,0.0
-1.5884603,-3.0442464,张国荣,0.000711576431345729,0.0
-2.7364397,21.144194,Rapper,0.000711576431345729,0.0
-10.155278,6.47024,处刑曲,0.000711576431345729,0.0
-5.0160856,7.79385,我的世界,0.000711576431345729,0.0
-10.222479,6.0865684,火影忍者,0.000711576431345729,0.0
-8.623521,9.723211,音乐盘点,0.000711576431345729,0.0
16.15026,-11.423141,原神,0.000711576431345729,0.0
7.8390965,-14.27145,中二病,0.000711576431345729,0.0
-0.5538143,-7.1966767,约尔,0.000711576431345729,0.0
-10.492199,6.792997,入耳即洗脑的神曲,0.0011370058487345772,0.0
-10.076493,6.221586,日系,0.000711576431345729,0.0
-8.671565,-11.755777,宇多田光,0.000711576431345729,0.0
3.9193907,-13.504033,粉丝音乐安利大赛2.0,0.000711576431345729,0.0
-10.17953,6.9401937,怀旧,0.000711576431345729,0.0
-8.692529,-11.82457,明日香,0.000711576431345729,0.0
-9.977696,6.672808,动漫纯音乐,0.009984713274235038,0.0
-10.029876,6.369322,动漫神曲,0.001562713088178141,0.0
-10.285008,6.833373,二次元音乐,0.001164164092493628,0.0
7.961195,-14.031984,模仿,0.000722645254561641,0.0
-9.992477,6.7398567,灌篮高手,0.001131812238406224,0.0
-8.743269,-11.8401,绫波丽,0.000722645254561641,0.0
2.1100712,-14.3654375,神曲,0.0012089820897708196,0.0
-9.923144,6.69092,鬼灭之刃,0.0007990497804009227,0.0
-7.8300858,-8.607407,日语MV,0.0007990497804009227,0.0
0.5373055,-4.234587,live,0.0007990497804009227,0.0
-18.492798,16.730127,配音教程,0.0024520750524677417,0.0
7.82699,-14.255839,B站小剧场·新春放映会,0.0007990497804009227,0.0
-18.46151,16.725122,野生技能协会,0.0007990497804009227,0.0
0.527511,-4.3433166,燃向,0.0013996881884059122,0.0
12.269816,-2.9294634,娱乐杂谈,0.0007990497804009227,0.0
-18.398893,16.725681,播音主持,0.0007990497804009227,0.0
-18.3836,16.725264,伪音,0.0007990497804009227,0.0
-18.422512,16.715788,配音素材,0.0007990497804009227,0.0
-18.508213,16.727827,播音,0.0007990497804009227,0.0
9.076236,-18.94489,原创,0.000722645254561641,0.0
9.100249,-18.91952,C4D,0.000722645254561641,0.0
-8.71482,-4.745481,bilibili校园十佳歌手大赛,0.000722645254561641,0.0
-2.1541471,-12.650276,抗日战争,0.000722645254561641,0.0
-9.2476225,16.111744,研究,0.000722645254561641,0.0
-2.1649878,-12.676715,觉醒年代,0.000722645254561641,0.0
3.7269387,-20.22863,石器时代,0.000722645254561641,0.0
-18.37566,16.71869,配音演员,0.000722645254561641,0.0
9.072589,-18.918941,技术宅,0.000722645254561641,0.0
-2.1061072,-12.632922,点亮繁星计划,0.0020008294076107004,0.0
-9.210365,16.075853,人工智能,0.0016325425515117393,0.0
-18.421242,16.715546,声优,0.001627716137687864,0.0
-18.427423,16.720873,伪音教程,0.002474999440965006,0.0
11.355104,5.9465146,瑜伽,0.000722645254561641,0.0
9.082878,-18.918285,渲染,0.000722645254561641,0.0
4.174094,21.096514,GAI,0.000722645254561641,0.0
3.768308,-20.207438,外星人,0.000722645254561641,0.0
-11.324788,27.061184,创作灵感,0.0011535461043335584,0.0
-2.1569963,-12.631119,国家英雄,0.000722645254561641,0.0
-14.865586,14.813058,校园学习,0.0012089820897708196,0.0
3.6657364,-20.221807,惊悚,0.000722645254561641,0.0
-13.273269,2.9675703,新海诚,0.000722645254561641,0.0
-2.1218882,-12.618254,七七事变,0.0012089820897708196,0.0
3.6817453,-20.190426,人类学,0.000722645254561641,0.0
-14.864292,14.718794,日语教程,0.000722645254561641,0.0
-9.243037,16.021723,深度学习,0.007790194715628493,0.0
10.007727,7.4520373,Level!,0.000722645254561641,0.0
12.253527,-2.9208555,网红,0.000722645254561641,0.0
3.1560087,22.161459,动感视频,0.000722645254561641,0.0
9.669322,6.435743,音乐教学,0.0012089820897708196,0.0
3.1688547,21.77735,FREESTYLE,0.000722645254561641,0.0
-14.880497,14.739582,日语方法,0.001232381103126512,0.0
-9.259771,16.080801,华语音乐,0.0007780721634128138,0.0
2.8321834,2.9995859,生机勃勃的春天！,0.0007780721634128138,0.0
-9.258111,16.015394,数据,0.0007780721634128138,0.0
4.164194,21.385923,Tizzy T,0.0012469956876223149,0.0
3.0059326,21.169897,2023UP！新学期！,0.0012161884828453728,0.0
10.727364,5.207424,深度睡眠,0.0007780721634128138,0.0
3.733616,-20.285952,科幻,0.002209037953868833,0.0
3.5303915,20.872704,BATTLE,0.0007780721634128138,0.0
3.7900836,21.966402,黄旭,0.0007780721634128138,0.0
-2.1463304,-12.662446,南京大屠杀,0.001201641701739822,0.0
9.066261,-18.886248,三维动画,0.000722645254561641,0.0
-14.884298,14.762731,日语教材,0.000722645254561641,0.0
3.6481874,-5.0355525,翠花不太脆,0.0012089820897708196,0.0
8.667157,6.828966,群青,0.000722645254561641,0.0
-9.1701565,16.077633,万物研究所,0.000722645254561641,0.0
-13.73026,18.45573,自信,0.000722645254561641,0.0
-13.713287,18.48403,心理学,0.0012089820897708196,0.0
-2.1549184,-4.0009694,纪念,0.000722645254561641,0.0
12.245163,-2.9889128,热播综艺,0.0007064526342805018,0.0
-3.549939,4.0264606,月咏歌呗,0.0007064526342805018,0.0
-8.71043,-4.755604,港风,0.002034570829139307,0.0
-9.203141,16.083202,互联网,0.001252216965032167,0.0
2.4486804,20.887691,小青龙,0.001175376158490003,0.0
12.239052,-2.9280086,瑶一瑶,0.001175376158490003,0.0
-2.0928402,-12.560794,靖国神社,0.0007064526342805018,0.0
11.592564,6.938734,运动,0.001175376158490003,0.0
-14.868221,14.882957,阿飞老师,0.004463536174733485,0.0
2.8645954,20.675407,Tom MacDonald,0.0007064526342805018,0.0
-9.354759,-15.7607765,南条爱乃,0.0007064526342805018,0.0
-8.2954855,22.83069,碧梨,0.0007064526342805018,0.0
10.745559,8.386308,穿越时空的思念,0.0011807265717274727,0.0
11.639115,8.236184,拍摄,0.0011807265717274727,0.0
-14.869292,14.801878,五十音,0.0007064526342805018,0.0
-3.5608869,4.028382,守护甜心,0.0007426102522949136,0.0
-13.993921,-13.236841,合奏,0.0007426102522949136,0.0
-14.902656,14.792906,日语学习,0.0007426102522949136,0.0
8.936916,7.063007,古风视频,0.0007105546172167573,0.0
16.553827,-16.181126,鬼畜,0.0007105546172167573,0.0
-9.474181,-15.781093,弹幕之神第一季冠军,0.0032343132795031775,0.0
10.439966,7.0338554,轻音乐,0.0011647753214766843,0.0
-3.5363226,0.54003406,作曲,0.0007064526342805018,0.0
12.236276,-2.9947536,萌,0.0007266590020441252,0.0
2.6073818,11.671589,洗脑,0.0007266590020441252,0.0
4.059816,21.848497,hiphop,0.003398164702765952,0.0
9.656123,9.647342,系列,0.0007064526342805018,0.0
10.091126,8.79018,催眠,0.0007064526342805018,0.0
-13.748231,18.42581,社科·法律·心理,0.0007064526342805018,0.0
-2.118213,-12.6304035,旅游,0.0007064526342805018,0.0
-9.159613,16.107952,傅里叶变换,0.000749882188899548,0.0
-9.291852,16.01462,科学科普,0.000749882188899548,0.0
9.979859,8.956671,后室,0.000749882188899548,0.0
4.103031,20.404015,NF,0.0071658144360676294,0.0
10.177918,8.546685,音乐分享官4.0,0.0007064526342805018,0.0
2.902898,21.402763,真人秀,0.0007064526342805018,0.0
-9.43172,-15.770509,见证弹幕的力量,0.0007064526342805018,0.0
10.507734,7.3595552,电钢琴入门,0.0007064526342805018,0.0
-13.965568,-13.224558,Vinheteiro,0.0007064526342805018,0.0
16.563038,-16.13241,全明星,0.0007064526342805018,0.0
-13.689754,18.410078,思维,0.0007064526342805018,0.0
11.257356,7.6893625,古风,0.000737259839057444,0.0
12.392636,7.500497,耍把戏,0.000737259839057444,0.0
3.3164732,20.482643,艾福杰尼,0.000737259839057444,0.0
-11.312218,27.016947,分享歌曲,0.000737259839057444,0.0
12.482242,7.570524,自学教程,0.0007064526342805018,0.0
-13.2752495,2.9730775,YOUTUBE搬运,0.0007064526342805018,0.0
12.414894,5.6687255,伴奏,0.0007064526342805018,0.0
-13.270606,2.9693782,OST,0.0007064526342805018,0.0
-13.711084,18.501844,记忆力,0.0007064526342805018,0.0
3.6345274,20.69711,经典曲目,0.0007064526342805018,0.0
8.759399,7.977863,今日无事勾栏听曲,0.0007064526342805018,0.0
16.549902,-16.167694,乘风破浪,0.0007064526342805018,0.0
4.178034,20.670681,TT,0.0007064526342805018,0.0
3.7054906,-20.217796,自制动画,0.0007064526342805018,0.0
4.2106996,21.039898,你的男孩TT,0.0007064526342805018,0.0
10.320761,9.29167,视频,0.0007064526342805018,0.0
11.3377075,7.6755233,放松减压,0.0007064526342805018,0.0
-14.817442,14.737948,日语入门,0.004918748809136206,0.0
3.7004454,-20.208416,编剧,0.0010900189259399826,0.0
2.812767,2.9879289,感动,0.0023555161769453314,0.0
5.281087,-14.12756,治愈向,0.0010900189259399826,0.0
2.813633,20.53752,HIPHOP,0.001605358971833691,0.0
-8.734783,-4.777468,声声不息,0.0007098551527799297,0.0
-8.704322,-4.775632,粤语,0.0007098551527799297,0.0
3.7694132,19.994232,夏天,0.0007098551527799297,0.0
-13.601484,-9.524591,暑期爆肝挑战,0.0007098551527799297,0.0
3.6889706,-20.19852,原创动画,0.0007459299333417305,0.0
12.26029,-2.925997,高能娱评官,0.0007459299333417305,0.0
11.400523,8.261034,告白之夜,0.0007459299333417305,0.0
-2.0877118,-12.612092,出行,0.0007459299333417305,0.0
12.077036,6.4264812,钢琴教学,0.0007459299333417305,0.0
-13.706121,18.499027,男生,0.0007459299333417305,0.0
11.635124,7.204997,伤感纯音乐,0.008427150697770636,0.0
10.23681,5.11612,Level ！,0.0015318474767872384,0.0
10.403466,6.9575458,音游,0.0020094412683463138,0.0
14.594536,-4.437664,绘画,0.0020094412683463138,0.0
9.024186,-18.897043,自制,0.0007098551527799297,0.0
-8.736869,-4.776351,回春丹,0.0007098551527799297,0.0
3.3041344,20.175102,中国有嘻哈,0.0007098551527799297,0.0
10.624314,5.769284,听音,0.0007098551527799297,0.0
12.63294,8.423641,课堂,0.0007459301064070179,0.0
-9.442514,-15.768141,高级弹幕,0.0007459301064070179,0.0
-13.389447,7.2723384,宝藏,0.0012359360387676906,0.0
3.6228573,-5.0033307,翠花,0.0007459301064070179,0.0
3.867618,21.265554,修复视频小潮人,0.0007459301064070179,0.0
-11.318053,27.051666,一月,0.0007459301064070179,0.0
12.250952,-3.129457,星动安利大作战·春日篇,0.0007459301064070179,0.0
-8.907883,23.964323,A神,0.0007459301064070179,0.0
-9.4285965,-15.778636,弹幕狂欢,0.0007459301064070179,0.0
17.934605,-11.737111,停云,0.008006217444488118,0.0
9.559713,7.7667346,音乐游戏,0.0015524269479746092,0.0
2.4359412,21.708403,华语MV,0.0020240930197507356,0.0
-3.5307102,4.032586,迷宫バタフライ,0.0007098551527799297,0.0
2.877802,20.15949,VAVA,0.0007098551527799297,0.0
-7.930388,22.340645,民谣,0.001233781099593889,0.0
11.007709,6.6611977,The Backrooms,0.000792262261661902,0.0
-11.230769,26.951328,存档2022，开拍2023,0.0016782263947988309,0.0
9.253047,7.5615616,幻昼,0.000792262261661902,0.0
-11.271612,26.973038,IN-K/王忻辰,0.000792262261661902,0.0
9.303682,5.7759576,MC,0.000792262261661902,0.0
-13.960501,-13.238166,西乐也疯狂,0.000792262261661902,0.0
12.156056,5.937693,视唱练耳,0.000792262261661902,0.0
-13.275909,2.9683566,RADWIMPS,0.000792262261661902,0.0
8.858087,8.328632,动物,0.000792262261661902,0.0
5.961438,-15.884663,P站,0.0007098551527799297,0.0
-8.0418,23.843868,撞弦,0.0007098551527799297,0.0
10.948411,9.64459,backrooms,0.0007098551527799297,0.0
10.590287,6.7469363,治愈心灵,0.0007098551527799297,0.0
17.51456,-11.822407,镇站之宝,0.0007098551527799297,0.0
-7.595275,23.478432,梦龙乐队,0.0007098551527799297,0.0
-9.069269,22.507261,霉霉,0.0007098551527799297,0.0
3.3736706,21.477663,DISS,0.0007098551527799297,0.0
-8.701345,23.24972,热门歌曲,0.0007098551527799297,0.0
2.8239563,2.982001,离别,0.00845570649725164,0.0
2.7801538,22.166677,说唱练习打卡,0.0015469555155915402,0.0
2.4549694,21.109806,童年记忆,0.0007098551527799297,0.0
3.4516053,21.229229,Rap,0.0007098551527799297,0.0
-8.723811,-4.79408,和我一起唱歌吧,0.0008689747228529325,0.0
18.506195,-12.123349,MMD,0.0008689747228529325,0.0
11.207921,6.863726,艺考,0.0008689747228529325,0.0
12.04169,5.90512,B站神曲,0.0008689747228529325,0.0
-7.724341,22.89002,音乐观察局,0.0008689747228529325,0.0
18.861568,-11.7982235,雷电将军,0.0008689747228529325,0.0
9.9057255,7.4039497,阅读学习,0.0008689747228529325,0.0
-7.671508,22.615545,2022,0.0008689747228529325,0.0
-8.05627,23.593033,中国说唱巅峰对决,0.0008689747228529325,0.0
-3.5527391,0.5549152,英文原创,0.005959143915358536,0.0
17.410353,-11.372006,爷青回,0.008342679070905034,0.0
2.671484,21.539896,中字,0.0007098551527799297,0.0
-2.1505415,-3.9880934,20周年,0.0007098551527799297,0.0
-13.714917,8.536771,安利,0.0007098551527799297,0.0
9.617925,8.252332,即兴伴奏,0.0007098551527799297,0.0
10.557477,8.092811,冥想,0.0007289364228014427,0.0
-13.336969,7.987998,数码宝贝,0.0007289364228014427,0.0
-13.946542,-13.231784,Animenzzz,0.0007289364228014427,0.0
3.43289,22.217735,合集,0.0007289364228014427,0.0
17.40783,-11.558865,讴歌烂漫,0.0007289364228014427,0.0
-13.952537,-13.226109,oskarpianist,0.004841534898080752,0.0
18.134838,-12.445447,miume,0.001121526098202692,0.0
-3.511779,0.54475904,Vicky宣宣,0.001121526098202692,0.0
4.9731216,-14.364749,轻音少女,0.001121526098202692,0.0
18.026937,-12.278712,みうめ,0.001121526098202692,0.0
16.55606,-16.128231,MARiA浪姐4跳极乐净土,0.001121526098202692,0.0
18.79762,-11.435154,咬人猫,0.006324433623863698,0.0
5.3258653,-14.659404,清醒,0.0007098551527799297,0.0
-0.13762783,-1.4740224,官方MV,0.0007098551527799297,0.0
10.004687,5.5539804,助眠,0.0007098551527799297,0.0
5.186371,-15.185212,八重神子,0.0007098551527799297,0.0
-14.143653,7.536302,名侦探柯南,0.0012478952749820846,0.0
-8.24619,22.92241,打雷,0.0008063764370500979,0.0
16.562714,-16.079964,人力VOCALOID,0.0008063764370500979,0.0
18.182863,-11.047699,游戏,0.0008063764370500979,0.0
-9.397586,23.123505,摇滚,0.0008063764370500979,0.0
-9.398718,-15.756378,炮姐,0.0008063764370500979,0.0
3.9082673,21.822845,Jony J,0.0008063764370500979,0.0
-8.57833,23.44241,百大,0.004488744922367567,0.0
-7.833105,23.41951,年度好音乐大赏,0.0011084041484644431,0.0
3.6375542,-5.0217924,Bo Peep,0.0019303964724717518,0.0
-9.110115,15.930133,万物研究所·第七期,0.0011084041484644431,0.0
-13.685928,-9.41016,Bi.Bi,0.0011084041484644431,0.0
5.5293407,-15.160188,我的原神新春会,0.0011084041484644431,0.0
17.804224,-11.137297,水桥舞,0.0011084041484644431,0.0
5.6252317,-15.434418,必剪十一大作战,0.0011084041484644431,0.0
4.470278,-15.443193,论BGM的重要性,0.0011084041484644431,0.0
8.988841,7.1646667,古风歌曲,0.0007451059354628524,0.0
3.0502517,21.01195,Battle,0.0007451059354628524,0.0
2.8185816,2.9901602,合唱团,0.0007451059354628524,0.0
0.6104867,-1.9556096,歌曲合集,0.0007451059354628524,0.0
-8.96446,-10.336858,one last kiss,0.0011855739998290387,0.0
-8.555003,-3.4698288,男声翻唱,0.00069923716461986,0.0
-7.563222,22.87659,mariah,0.00069923716461986,0.0
0.12344192,-1.4452478,音乐节,0.00069923716461986,0.0
-9.449925,-15.80004,暗猫,0.003918376643885822,0.0
0.45588344,-20.566763,家庭,0.00069923716461986,0.0
6.184133,-15.402726,九月打卡挑战W4,0.0011084041484644431,0.0
6.2450123,-15.080661,打破次元壁,0.00069923716461986,0.0
-13.985542,-13.215023,全民演奏挑战赛,0.00069923716461986,0.0
-9.023564,-9.767128,中文谐音,0.00069923716461986,0.0
9.652423,6.684704,学音乐,0.007660245696249234,0.0
17.994528,-12.294919,间谍过家家,0.001110117674497569,0.0
-9.310652,-10.280244,A叔,0.001519284658342152,0.0
-8.206695,-9.760528,2022新年音乐大作战,0.00069923716461986,0.0
-9.456728,-15.780528,御坂美琴,0.00069923716461986,0.0
5.754299,-15.85724,动漫壁纸,0.00069923716461986,0.0
19.880953,-8.8775625,舞蹈翻跳,0.00069923716461986,0.0
-8.744931,22.858475,国产,0.0008109873303449014,0.0
14.567281,-4.453489,铅笔画,0.0008109873303449014,0.0
11.789484,8.758604,国风音乐,0.0008109873303449014,0.0
-13.611968,8.218175,补番推荐,0.0008109873303449014,0.0
16.911537,-13.963493,龚琳娜,0.0008109873303449014,0.0
-8.951349,23.990149,电音,0.0008109873303449014,0.0
-13.058863,7.50224,日本流行音乐,0.0008109873303449014,0.0
-9.3585415,23.451635,taylorswift,0.0008109873303449014,0.0
6.009325,-14.6631975,偶像,0.00069923716461986,0.0
-13.735797,7.1484413,泽野弘之,0.00069923716461986,0.0
-8.348648,5.0278125,死神,0.00069923716461986,0.0
9.848256,5.9026575,太好听了,0.00069923716461986,0.0
-8.804009,-10.013459,宇多田ヒカル,0.00069923716461986,0.0
0.49305874,-20.53957,短片,0.0011084041484644431,0.0
-12.917029,8.448608,热血,0.005597682807130356,0.0
-12.965884,7.749213,日本流行,0.00069923716461986,0.0
-11.305256,27.026302,新年音乐,0.00069923716461986,0.0
18.544828,-12.425461,GARNIDELIA,0.00069923716461986,0.0
18.205315,-11.817261,MMD.3D,0.00069923716461986,0.0
5.3931394,-16.103197,视觉盛宴,0.0011084041484644431,0.0
5.826459,-15.23184,壁纸,0.00069923716461986,0.0
-1.0174769,-1.7202295,欧美流行,0.00069923716461986,0.0
0.5238613,-20.48355,童年,0.00069923716461986,0.0
19.878672,-8.86957,文艺复兴,0.0011084041484644431,0.0
18.633503,-11.276312,Miume・MARiA・217,0.0011084041484644431,0.0
14.5448,-4.4448786,手绘,0.0006775032986925257,0.0
-0.4730255,-1.4476285,汪峰,0.0006775032986925257,0.0
18.08569,-11.537164,无损,0.0006775032986925257,0.0
-13.32121,8.56866,超燃,0.0011991184452620637,0.0
-0.990832,-1.2922201,欧美流行音乐,0.0007127816100528848,0.0
-9.055282,-9.482601,录音棚,0.0007127816100528848,0.0
-12.810834,8.016316,Aimer,0.0007127816100528848,0.0
-9.354528,22.968279,点评,0.0007127816100528848,0.0
10.976641,6.45689,学习资料,0.0011219485938974677,0.0
-0.3229764,-0.23415232,刘彰,0.0007127816100528848,0.0
4.9364862,-14.598821,仿妆cos,0.0007127816100528848,0.0
14.578566,-4.4281416,抑郁症,0.0006775032986925257,0.0
-7.9012814,5.48685,很好听,0.0006775032986925257,0.0
-13.053149,8.229146,歌声,0.0006775032986925257,0.0
-9.035037,22.461939,宝藏歌曲,0.0006775032986925257,0.0
18.848639,-12.171629,蹦迪,0.0034568732709137433,0.0
17.9503,-11.116579,メイリア,0.0006775032986925257,0.0
-0.34796217,-2.2177634,杨丞琳,0.0006775032986925257,0.0
-8.84692,22.00257,吐槽,0.0006775032986925257,0.0
-8.263877,22.332817,历史,0.0007579844540318559,0.0
-8.367992,24.053637,营销号,0.0007579844540318559,0.0
0.06679587,-0.3898737,打卡挑战,0.0007579844540318559,0.0
-13.615725,7.7124457,排行向,0.0006775032986925257,0.0
18.663805,-11.70225,约尔太太,0.0006775032986925257,0.0
5.2754345,-15.395238,粉丝创作,0.0011088550034326148,0.0
4.348733,-14.857196,妹妹,0.0006775032986925257,0.0
-0.50341815,-1.3565012,经典老歌,0.0010903286388552515,0.0
-0.31734034,-1.1157254,英文歌合集,0.0010903286388552515,0.0
18.351482,-11.367694,流浪者,0.0010903286388552515,0.0
2.5928059,11.694681,音乐安利大赏2.0,0.0010903286388552515,0.0
17.741486,-12.265433,2D渲染,0.0006937657322367912,0.0
14.529961,-4.4444294,发病,0.000814100645599608,0.0
0.002380172,-1.0608153,小精灵,0.000814100645599608,0.0
5.877964,-14.465453,萌妹子,0.000814100645599608,0.0
0.46978873,-2.2101848,银行卡,0.000814100645599608,0.0
-13.681441,-9.459056,独奏,0.000814100645599608,0.0
-8.005243,5.4772315,自动彩色弹幕,0.000814100645599608,0.0
-8.352584,-9.759278,日本明星,0.000814100645599608,0.0
-13.67391,-9.4784565,夏日音乐祭,0.000814100645599608,0.0
6.111381,-15.371639,Cosplay,0.000814100645599608,0.0
5.3298974,-15.811805,maria,0.0006937657322367912,0.0
-13.95824,-13.219062,only my railgun,0.0006937657322367912,0.0
-8.462819,-10.4082155,新·福音战士剧场版：终,0.0006937657322367912,0.0
-9.340137,-9.712505,秋日翻唱挑战赛,0.0006937657322367912,0.0
-9.103872,23.211252,billboard,0.000699688019588032,0.0
-8.215262,-10.272971,演奏挑战赛5.0,0.0011932054119009902,0.0
-8.436007,22.316109,抄袭,0.0011932054119009902,0.0
-9.176303,-10.1552,日文,0.0006937657322367912,0.0
1.0710545,-1.2993078,电话卡,0.0006937657322367912,0.0
-7.952675,22.217484,网络歌曲,0.007887346935458216,0.0
-8.254742,23.140497,反抄袭,0.0006937657322367912,0.0
6.093241,-14.681317,次元穿越,0.0011801025674459697,0.0
-8.467044,-9.57165,交响乐,0.0006937657322367912,0.0
-9.19853,-10.473676,黄昏,0.0006937657322367912,0.0
5.7524304,-14.767054,沙雕,0.0007473327620261239,0.0
-14.103462,7.936712,治愈音乐,0.0007473327620261239,0.0
-9.3120365,-10.474455,罗马音,0.0007473327620261239,0.0
3.5144415,21.715816,经典现场,0.0007473327620261239,0.0
-8.690432,-10.548426,演奏会,0.006967700983173446,0.0
18.364433,-11.097233,217,0.0011872831245497493,0.0
-8.188944,4.988589,超时空要塞,0.0006937657322367912,0.0
-0.38238716,-1.9155539,流行歌曲,0.0006937657322367912,0.0
-13.644379,-9.427422,钢琴曲,0.0006937657322367912,0.0
-0.16030124,-2.2524297,歌手,0.0006937657322367912,0.0
-11.252587,26.936754,宝藏音乐,0.0007618537071609011,0.0
-8.925806,22.533854,2022年最火歌曲,0.0007618537071609011,0.0
-13.948838,8.199275,天花板,0.0007618537071609011,0.0
10.3875065,7.957135,雨的印记,0.0007618537071609011,0.0
18.94188,-11.810417,散兵,0.0007618537071609011,0.0
18.635796,-12.372547,崩坏:星穹铁道,0.0007618537071609011,0.0
-8.425966,5.5168834,听歌向,0.007494970917084248,0.0
-8.541133,21.98567,音乐分享官3.0,0.0006937657322367912,0.0
-8.6411295,-10.519629,教程,0.0006937657322367912,0.0
5.1122146,-14.832129,美图,0.0006937657322367912,0.0
4.892755,-15.34129,新人向,0.0007583422472086157,0.0
0.8297976,-0.36810458,犯罪,0.0007583422472086157,0.0
-0.89441735,-0.8884088,超好听英文歌曲,0.0007583422472086157,0.0
-13.160782,7.318282,CLAMP30周年,0.0007583422472086157,0.0
0.6888673,-0.99091375,以爱之名,0.0007583422472086157,0.0
0.5057488,-2.0683494,音乐素人投稿季,0.0007583422472086157,0.0
-12.726959,7.85619,超好听的,0.0007583422472086157,0.0
17.655895,-11.982472,原神MMD,0.0006937657322367912,0.0
0.33515266,-1.1476403,车载音乐,0.0006937657322367912,0.0
-0.18688393,-0.66721404,韩红,0.0006937657322367912,0.0
-13.418021,7.645073,排行榜,0.0006937657322367912,0.0
4.7264047,-15.822373,综漫,0.0007473327620261239,0.0
-7.842486,4.811698,高三狂欢节,0.0007473327620261239,0.0
-8.019896,5.526898,完结撒花,0.0007473327620261239,0.0
-8.237298,-10.251435,薰嗣,0.0007425063482022483,0.0
0.3265453,-0.41083565,工具人,0.0007425063482022483,0.0
-8.240839,-10.097366,DNA,0.0007425063482022483,0.0
-7.8386564,5.5235662,OP,0.0007425063482022483,0.0
-1.2359197,-0.6135358,帮信罪,0.0007425063482022483,0.0
-8.532712,23.533606,adele,0.0007425063482022483,0.0
14.574522,-4.459755,画渣,0.0007425063482022483,0.0
-0.018295644,-1.7686765,两卡,0.0007425063482022483,0.0
-13.659826,8.545375,影视音乐,0.0007425063482022483,0.0
0.82558537,-0.87589264,##全能音乐挑战赛##,0.0007425063482022483,0.0
-0.7726618,-2.012242,音乐合集,0.0007425063482022483,0.0
0.48783022,-20.498941,童年回忆杀,0.0007425063482022483,0.0
-13.974832,8.305219,二次元动漫,0.0007425063482022483,0.0
-13.05892,8.489449,刀剑神域,0.0007546731500571214,0.0
-7.747558,5.11489,循环,0.0007546731500571214,0.0
5.244402,-14.226855,原神UP主激励计划,0.0007546731500571214,0.0
4.8810363,-15.649986,多素材,0.0007546731500571214,0.0
-0.5388677,-0.38272727,毕业季,0.0007546731500571214,0.0
-8.763031,-9.61594,剧场版,0.0007546731500571214,0.0
0.55017316,-20.581347,成长,0.0007546731500571214,0.0
-13.93561,7.369531,百变小樱,0.0007546731500571214,0.0
-7.9084496,5.0016775,剪辑,0.0007546731500571214,0.0
0.75081927,-1.4640495,华晨宇,0.0007546731500571214,0.0
-9.459775,-9.878601,用交响乐打开2023,0.0007546731500571214,0.0
0.0900116,-0.2909116,经典英文歌,0.0007546731500571214,0.0
0.7622324,-1.2023236,干杯,0.0007546731500571214,0.0
-8.445998,5.0556536,海猫鸣泣之时,0.0007546731500571214,0.0
-8.940017,-9.525419,音响,0.0007546731500571214,0.0
4.660372,-14.847158,时尚,0.0007546731500571214,0.0
-14.036051,7.522975,战歌,0.0007546731500571214,0.0
5.6792183,-14.1650915,催泪,0.0007546731500571214,0.0
2.580842,11.711209,英文,0.0007546731500571214,0.0
-8.194665,5.6050267,海贼王,0.0007546731500571214,0.0
-8.191308,5.0887947,单曲,0.0007546731500571214,0.0
0.5233907,-20.5432,获奖,0.0007546731500571214,0.0
-0.34191865,-0.8048395,齐秦,0.0007546731500571214,0.0
